{"cameraMode":{"drawMode":0,"name":"Shaded","section":"Shading Mode"},"sceneLighting":false,"audioPlay":false,"sceneViewState":{"showFog":true,"showMaterialUpdate":false,"showSkybox":false,"showFlares":true,"showImageEffects":true,"showParticleSystems":true},"in2DMode":false,"pivot":{"x":-4.753292083740234,"y":0.3617529273033142,"z":28.88926887512207},"rotation":{"x":-0.1734282523393631,"y":0.0005881740362383425,"z":-0.0001036537069012411,"w":-0.984846830368042},"size":10.150094985961914,"orthographic":false}