{"cameraMode":{"drawMode":0,"name":"Shaded","section":"Shading Mode"},"sceneLighting":false,"audioPlay":false,"sceneViewState":{"showFog":true,"showMaterialUpdate":false,"showSkybox":false,"showFlares":true,"showImageEffects":true,"showParticleSystems":true},"in2DMode":false,"pivot":{"x":-2.600931167602539,"y":0.8821951150894165,"z":21.74201202392578},"rotation":{"x":-0.2040032297372818,"y":0.0578165277838707,"z":-0.01207016222178936,"w":-0.9771881103515625},"size":6.540767669677734,"orthographic":false}