{"cameraMode":{"drawMode":0,"name":"Shaded","section":"Shading Mode"},"sceneLighting":false,"audioPlay":false,"sceneViewState":{"showFog":true,"showMaterialUpdate":false,"showSkybox":false,"showFlares":true,"showImageEffects":true,"showParticleSystems":true},"in2DMode":false,"pivot":{"x":0.995574951171875,"y":-0.10384530574083328,"z":11.03508186340332},"rotation":{"x":0.18873921036720277,"y":0.29891324043273928,"z":-0.06043732911348343,"w":0.9334772825241089},"size":4.202816009521484,"orthographic":false}