{"cameraMode":{"drawMode":0,"name":"Shaded","section":"Shading Mode"},"sceneLighting":false,"audioPlay":false,"sceneViewState":{"showFog":true,"showMaterialUpdate":false,"showSkybox":false,"showFlares":true,"showImageEffects":true,"showParticleSystems":true},"in2DMode":false,"pivot":{"x":0.5792996883392334,"y":0.6881194710731506,"z":0.7308989763259888},"rotation":{"x":-0.08313551545143128,"y":-0.1586574763059616,"z":0.013408073224127293,"w":-0.9837386012077332},"size":1.681894302368164,"orthographic":false}