{"cameraMode":{"drawMode":0,"name":"Shaded","section":"Shading Mode"},"sceneLighting":false,"audioPlay":false,"sceneViewState":{"showFog":true,"showMaterialUpdate":false,"showSkybox":false,"showFlares":true,"showImageEffects":true,"showParticleSystems":true},"in2DMode":false,"pivot":{"x":-0.18195345997810365,"y":0.6740676164627075,"z":0.7161375284194946},"rotation":{"x":-0.004492907784879208,"y":-0.05607200413942337,"z":-0.0002523256989661604,"w":0.9984169006347656},"size":1.4395217895507813,"orthographic":false}