{"cameraMode":{"drawMode":0,"name":"Shaded","section":"Shading Mode"},"sceneLighting":false,"audioPlay":false,"sceneViewState":{"showFog":true,"showMaterialUpdate":false,"showSkybox":false,"showFlares":true,"showImageEffects":true,"showParticleSystems":true},"in2DMode":false,"pivot":{"x":2.799852132797241,"y":-0.461659699678421,"z":-3.222308397293091},"rotation":{"x":-0.14380930364131928,"y":0.0005907106678932905,"z":-0.00008587128104409203,"w":-0.9896061420440674},"size":0.7964377999305725,"orthographic":false}