{"cameraMode":{"drawMode":0,"name":"Shaded","section":"Shading Mode"},"sceneLighting":false,"audioPlay":false,"sceneViewState":{"showFog":true,"showMaterialUpdate":false,"showSkybox":false,"showFlares":true,"showImageEffects":true,"showParticleSystems":true},"in2DMode":false,"pivot":{"x":-0.8818354606628418,"y":3.7540836334228517,"z":11.54745101928711},"rotation":{"x":-0.19407017529010774,"y":-0.0008856033091433346,"z":0.0001751338131725788,"w":-0.9809873700141907},"size":6.0073957443237309,"orthographic":false}