{"cameraMode":{"drawMode":0,"name":"Shaded","section":"Shading Mode"},"sceneLighting":false,"audioPlay":false,"sceneViewState":{"showFog":true,"showMaterialUpdate":false,"showSkybox":false,"showFlares":true,"showImageEffects":true,"showParticleSystems":true},"in2DMode":false,"pivot":{"x":-13.357278823852539,"y":-1.127730369567871,"z":22.76620101928711},"rotation":{"x":-0.09438047558069229,"y":0.3801295757293701,"z":-0.039027150720357898,"w":-0.9192784428596497},"size":15.671923637390137,"orthographic":false}