{"cameraMode":{"drawMode":0,"name":"Shaded","section":"Shading Mode"},"sceneLighting":false,"audioPlay":false,"sceneViewState":{"showFog":true,"showMaterialUpdate":false,"showSkybox":false,"showFlares":true,"showImageEffects":true,"showParticleSystems":true},"in2DMode":false,"pivot":{"x":-6.860716819763184,"y":0.276836097240448,"z":20.126453399658204},"rotation":{"x":-0.19407017529010774,"y":-0.0008856033091433346,"z":0.0001751338131725788,"w":-0.9809873700141907},"size":10.0,"orthographic":false}